<templateFileSet xmlns:xsi="http://www.w3.org/2001/XMLSchema-instance" xmlns:xsd="http://www.w3.org/2001/XMLSchema" xmlns="http://schemas.openehr.org/v1">
   <cid>1051.57.124</cid>
   <versionAsset>1</versionAsset>
   <templateName>TRAINING - RESPECT-v0 </templateName>
   <templateId>9a85fb0d-1bed-41a9-b7bb-013a65faffac</templateId>
   <rootArchetypeId>openEHR-EHR-COMPOSITION.report.v1</rootArchetypeId>
   <creationTime>05-Oct-2017</creationTime>
   <modificationTime>05-Oct-2017</modificationTime>
   <directLink>http://ckm.apperta.org/ckm/#showTemplate_1051.57.124_1</directLink>
   <logMessage>For CKM Training purposes only</logMessage>
   <ckmResource>
      <cid>1051.32.647</cid>
      <versionAsset>1</versionAsset>
      <resourceMainId>openEHR-EHR-ADMIN_ENTRY.involvement_respect.v0</resourceMainId>
      <resourceMainDisplayName>Involvement ReSPECT</resourceMainDisplayName>
      <resourceType>ARCHETYPE</resourceType>
      <creationTime>2017-08-30T11:24:25+0200</creationTime>
      <modificationTime>2017-08-30T11:24:25+0200</modificationTime>
      <directLink>http://ckm.apperta.org/ckm/#showArchetype_1051.32.647_1</directLink>
   </ckmResource>
   <ckmResource>
      <cid>1051.32.109</cid>
      <versionAsset>8</versionAsset>
      <resourceMainId>openEHR-EHR-EVALUATION.problem_diagnosis.v1</resourceMainId>
      <resourceMainDisplayName>Problem/Diagnosis</resourceMainDisplayName>
      <resourceType>ARCHETYPE</resourceType>
      <creationTime>2013-09-03T18:39:57+0200</creationTime>
      <modificationTime>2017-08-30T11:09:00+0200</modificationTime>
      <directLink>http://ckm.apperta.org/ckm/#showArchetype_1051.32.109_8</directLink>
   </ckmResource>
   <ckmResource>
      <cid>1051.32.204</cid>
      <versionAsset>2</versionAsset>
      <resourceMainId>openEHR-EHR-EVALUATION.care_preference_uk.v0</resourceMainId>
      <resourceMainDisplayName>Preferred priorities of care</resourceMainDisplayName>
      <resourceType>ARCHETYPE</resourceType>
      <creationTime>2014-01-06T18:58:08+0100</creationTime>
      <modificationTime>2017-08-30T11:16:22+0200</modificationTime>
      <directLink>http://ckm.apperta.org/ckm/#showArchetype_1051.32.204_2</directLink>
   </ckmResource>
   <ckmResource>
      <cid>1051.32.205</cid>
      <versionAsset>1</versionAsset>
      <resourceMainId>openEHR-EHR-EVALUATION.cpr_decision_uk.v1</resourceMainId>
      <resourceMainDisplayName>CPR decision</resourceMainDisplayName>
      <resourceType>ARCHETYPE</resourceType>
      <creationTime>2014-01-06T19:00:06+0100</creationTime>
      <modificationTime>2014-01-06T19:00:06+0100</modificationTime>
      <directLink>http://ckm.apperta.org/ckm/#showArchetype_1051.32.205_1</directLink>
   </ckmResource>
   <ckmResource>
      <cid>1051.32.645</cid>
      <versionAsset>1</versionAsset>
      <resourceMainId>openEHR-EHR-ADMIN_ENTRY.organ_donation_preferences.v0</resourceMainId>
      <resourceMainDisplayName>Organ donation preferences</resourceMainDisplayName>
      <resourceType>ARCHETYPE</resourceType>
      <creationTime>2017-08-30T11:22:48+0200</creationTime>
      <modificationTime>2017-08-30T11:22:48+0200</modificationTime>
      <directLink>http://ckm.apperta.org/ckm/#showArchetype_1051.32.645_1</directLink>
   </ckmResource>
   <ckmResource>
      <cid>1051.32.646</cid>
      <versionAsset>1</versionAsset>
      <resourceMainId>openEHR-EHR-ADMIN_ENTRY.respect_summary.v0</resourceMainId>
      <resourceMainDisplayName>ReSPECT summary</resourceMainDisplayName>
      <resourceType>ARCHETYPE</resourceType>
      <creationTime>2017-08-30T11:23:58+0200</creationTime>
      <modificationTime>2017-08-30T11:23:58+0200</modificationTime>
      <directLink>http://ckm.apperta.org/ckm/#showArchetype_1051.32.646_1</directLink>
   </ckmResource>
   <ckmResource>
      <cid>1051.32.166</cid>
      <versionAsset>3</versionAsset>
      <resourceMainId>openEHR-EHR-COMPOSITION.report.v1</resourceMainId>
      <resourceMainDisplayName>Report</resourceMainDisplayName>
      <resourceType>ARCHETYPE</resourceType>
      <creationTime>2013-09-05T17:51:00+0200</creationTime>
      <modificationTime>2015-07-21T15:08:09+0200</modificationTime>
      <directLink>http://ckm.apperta.org/ckm/#showArchetype_1051.32.166_3</directLink>
   </ckmResource>
   <ckmResource>
      <cid>1051.32.167</cid>
      <versionAsset>3</versionAsset>
      <resourceMainId>openEHR-EHR-EVALUATION.recommendation.v1</resourceMainId>
      <resourceMainDisplayName>Recommendation</resourceMainDisplayName>
      <resourceType>ARCHETYPE</resourceType>
      <creationTime>2013-09-05T17:51:02+0200</creationTime>
      <modificationTime>2016-07-26T15:39:48+0200</modificationTime>
      <directLink>http://ckm.apperta.org/ckm/#showArchetype_1051.32.167_3</directLink>
   </ckmResource>
   <ckmResource>
      <cid>1051.32.179</cid>
      <versionAsset>3</versionAsset>
      <resourceMainId>openEHR-EHR-CLUSTER.person_name.v1</resourceMainId>
      <resourceMainDisplayName>Person name</resourceMainDisplayName>
      <resourceType>ARCHETYPE</resourceType>
      <creationTime>2013-10-14T15:31:55+0200</creationTime>
      <modificationTime>2013-10-14T16:17:33+0200</modificationTime>
      <directLink>http://ckm.apperta.org/ckm/#showArchetype_1051.32.179_3</directLink>
   </ckmResource>
   <ckmResource>
      <cid>1051.32.344</cid>
      <versionAsset>1</versionAsset>
      <resourceMainId>openEHR-EHR-ACTION.service.v0</resourceMainId>
      <resourceMainDisplayName>Service</resourceMainDisplayName>
      <resourceType>ARCHETYPE</resourceType>
      <creationTime>2016-02-08T09:02:19+0100</creationTime>
      <modificationTime>2016-02-08T09:02:19+0100</modificationTime>
      <directLink>http://ckm.apperta.org/ckm/#showArchetype_1051.32.344_1</directLink>
   </ckmResource>
   <ckmResource>
      <cid>1051.32.201</cid>
      <versionAsset>1</versionAsset>
      <resourceMainId>openEHR-EHR-ADMIN_ENTRY.advanced_care_planning_uk.v1</resourceMainId>
      <resourceMainDisplayName>Advanced care planning</resourceMainDisplayName>
      <resourceType>ARCHETYPE</resourceType>
      <creationTime>2014-01-06T18:49:01+0100</creationTime>
      <modificationTime>2014-01-06T18:49:01+0100</modificationTime>
      <directLink>http://ckm.apperta.org/ckm/#showArchetype_1051.32.201_1</directLink>
   </ckmResource>
   <ckmResource>
      <cid>1051.32.169</cid>
      <versionAsset>5</versionAsset>
      <resourceMainId>openEHR-EHR-SECTION.adhoc.v1</resourceMainId>
      <resourceMainDisplayName>Ad hoc heading</resourceMainDisplayName>
      <resourceType>ARCHETYPE</resourceType>
      <creationTime>2013-09-05T17:51:04+0200</creationTime>
      <modificationTime>2015-05-26T13:16:22+0200</modificationTime>
      <directLink>http://ckm.apperta.org/ckm/#showArchetype_1051.32.169_5</directLink>
   </ckmResource>
   <ckmResource>
      <cid>1051.32.184</cid>
      <versionAsset>1</versionAsset>
      <resourceMainId>openEHR-EHR-CLUSTER.individual_professional.v1</resourceMainId>
      <resourceMainDisplayName>Individual professional demographics (UK)</resourceMainDisplayName>
      <resourceType>ARCHETYPE</resourceType>
      <creationTime>2013-10-14T15:33:47+0200</creationTime>
      <modificationTime>2013-10-14T15:33:47+0200</modificationTime>
      <directLink>http://ckm.apperta.org/ckm/#showArchetype_1051.32.184_1</directLink>
   </ckmResource>
   <ckmResource>
      <cid>1051.32.371</cid>
      <versionAsset>1</versionAsset>
      <resourceMainId>openEHR-EHR-CLUSTER.telecom_details.v0</resourceMainId>
      <resourceMainDisplayName>Telecom details</resourceMainDisplayName>
      <resourceType>ARCHETYPE</resourceType>
      <creationTime>2016-04-03T20:22:00+0200</creationTime>
      <modificationTime>2016-04-03T20:22:00+0200</modificationTime>
      <directLink>http://ckm.apperta.org/ckm/#showArchetype_1051.32.371_1</directLink>
   </ckmResource>
   <ckmResource>
      <cid>1051.32.191</cid>
      <versionAsset>4</versionAsset>
      <resourceMainId>openEHR-EHR-EVALUATION.advance_decision_refuse_treatment_uk.v1</resourceMainId>
      <resourceMainDisplayName>Advance decision to refuse treatment</resourceMainDisplayName>
      <resourceType>ARCHETYPE</resourceType>
      <creationTime>2013-10-31T20:00:03+0100</creationTime>
      <modificationTime>2014-01-06T19:40:00+0100</modificationTime>
      <directLink>http://ckm.apperta.org/ckm/#showArchetype_1051.32.191_4</directLink>
   </ckmResource>
   <ckmResource>
      <cid>1051.32.192</cid>
      <versionAsset>2</versionAsset>
      <resourceMainId>openEHR-EHR-ADMIN_ENTRY.power_of_attorney_uk.v1</resourceMainId>
      <resourceMainDisplayName>Power of attorney (UK)</resourceMainDisplayName>
      <resourceType>ARCHETYPE</resourceType>
      <creationTime>2013-10-31T20:00:04+0100</creationTime>
      <modificationTime>2014-01-06T19:21:00+0100</modificationTime>
      <directLink>http://ckm.apperta.org/ckm/#showArchetype_1051.32.192_2</directLink>
   </ckmResource>
   <ckmResource>
      <cid>1051.32.293</cid>
      <versionAsset>1</versionAsset>
      <resourceMainId>openEHR-EHR-ADMIN_ENTRY.relevant_contact_rcp.v1</resourceMainId>
      <resourceMainDisplayName>Relevant contact</resourceMainDisplayName>
      <resourceType>ARCHETYPE</resourceType>
      <creationTime>2015-03-17T14:54:30+0100</creationTime>
      <modificationTime>2015-03-17T14:54:30+0100</modificationTime>
      <directLink>http://ckm.apperta.org/ckm/#showArchetype_1051.32.293_1</directLink>
   </ckmResource>
</templateFileSet>