<templateFileSet xmlns:xsi="http://www.w3.org/2001/XMLSchema-instance" xmlns:xsd="http://www.w3.org/2001/XMLSchema" xmlns="http://schemas.openehr.org/v1">
   <cid>1051.57.70</cid>
   <versionAsset>1</versionAsset>
   <templateName>NHS Borders SAFER Chart</templateName>
   <templateId>3a1fb8f8-0bc5-43fd-b67f-2e36603fd36b</templateId>
   <rootArchetypeId>openEHR-EHR-COMPOSITION.report.v1</rootArchetypeId>
   <creationTime>08-Aug-2016</creationTime>
   <modificationTime>08-Aug-2016</modificationTime>
   <directLink>http://ckm.apperta.org/ckm/#showTemplate_1051.57.70_1</directLink>
   <logMessage>Initial upload</logMessage>
   <ckmResource>
      <cid>1051.32.408</cid>
      <versionAsset>1</versionAsset>
      <resourceMainId>openEHR-EHR-OBSERVATION.early_pregnancy_booking_borders.v0</resourceMainId>
      <resourceMainDisplayName>Early pregnancy and booking NHS Borders</resourceMainDisplayName>
      <resourceType>ARCHETYPE</resourceType>
      <creationTime>2016-08-08T16:16:13+0200</creationTime>
      <modificationTime>2016-08-08T16:16:13+0200</modificationTime>
      <directLink>http://ckm.apperta.org/ckm/#showArchetype_1051.32.408_1</directLink>
   </ckmResource>
   <ckmResource>
      <cid>1051.32.166</cid>
      <versionAsset>3</versionAsset>
      <resourceMainId>openEHR-EHR-COMPOSITION.report.v1</resourceMainId>
      <resourceMainDisplayName>Report</resourceMainDisplayName>
      <resourceType>ARCHETYPE</resourceType>
      <creationTime>2013-09-05T17:51:00+0200</creationTime>
      <modificationTime>2015-07-21T15:08:09+0200</modificationTime>
      <directLink>http://ckm.apperta.org/ckm/#showArchetype_1051.32.166_3</directLink>
   </ckmResource>
   <ckmResource>
      <cid>1051.32.157</cid>
      <versionAsset>3</versionAsset>
      <resourceMainId>openEHR-EHR-OBSERVATION.height.v1</resourceMainId>
      <resourceMainDisplayName>Height/Length</resourceMainDisplayName>
      <resourceType>ARCHETYPE</resourceType>
      <creationTime>2013-09-04T12:19:21+0200</creationTime>
      <modificationTime>2014-02-17T18:08:09+0100</modificationTime>
      <directLink>http://ckm.apperta.org/ckm/#showArchetype_1051.32.157_3</directLink>
   </ckmResource>
   <ckmResource>
      <cid>1051.32.410</cid>
      <versionAsset>1</versionAsset>
      <resourceMainId>openEHR-EHR-OBSERVATION.maternity_admission_borders.v0</resourceMainId>
      <resourceMainDisplayName>Maternity admission NHS Borders</resourceMainDisplayName>
      <resourceType>ARCHETYPE</resourceType>
      <creationTime>2016-08-08T16:20:25+0200</creationTime>
      <modificationTime>2016-08-08T16:20:25+0200</modificationTime>
      <directLink>http://ckm.apperta.org/ckm/#showArchetype_1051.32.410_1</directLink>
   </ckmResource>
   <ckmResource>
      <cid>1051.32.411</cid>
      <versionAsset>1</versionAsset>
      <resourceMainId>openEHR-EHR-OBSERVATION.post_natal_borders.v0</resourceMainId>
      <resourceMainDisplayName>Post natal NHS Borders</resourceMainDisplayName>
      <resourceType>ARCHETYPE</resourceType>
      <creationTime>2016-08-08T16:20:57+0200</creationTime>
      <modificationTime>2016-08-08T16:20:57+0200</modificationTime>
      <directLink>http://ckm.apperta.org/ckm/#showArchetype_1051.32.411_1</directLink>
   </ckmResource>
   <ckmResource>
      <cid>1051.32.409</cid>
      <versionAsset>1</versionAsset>
      <resourceMainId>openEHR-EHR-OBSERVATION.later_pregnancy_borders.v0</resourceMainId>
      <resourceMainDisplayName>24 weeks and after NHS Borders</resourceMainDisplayName>
      <resourceType>ARCHETYPE</resourceType>
      <creationTime>2016-08-08T16:18:22+0200</creationTime>
      <modificationTime>2016-08-08T16:18:22+0200</modificationTime>
      <directLink>http://ckm.apperta.org/ckm/#showArchetype_1051.32.409_1</directLink>
   </ckmResource>
   <ckmResource>
      <cid>1051.32.152</cid>
      <versionAsset>3</versionAsset>
      <resourceMainId>openEHR-EHR-OBSERVATION.body_mass_index.v1</resourceMainId>
      <resourceMainDisplayName>Body mass index</resourceMainDisplayName>
      <resourceType>ARCHETYPE</resourceType>
      <creationTime>2013-09-04T12:19:16+0200</creationTime>
      <modificationTime>2014-02-17T18:08:05+0100</modificationTime>
      <directLink>http://ckm.apperta.org/ckm/#showArchetype_1051.32.152_3</directLink>
   </ckmResource>
   <ckmResource>
      <cid>1051.32.154</cid>
      <versionAsset>4</versionAsset>
      <resourceMainId>openEHR-EHR-OBSERVATION.body_weight.v1</resourceMainId>
      <resourceMainDisplayName>Body weight</resourceMainDisplayName>
      <resourceType>ARCHETYPE</resourceType>
      <creationTime>2013-09-04T12:19:18+0200</creationTime>
      <modificationTime>2015-01-30T19:39:14+0100</modificationTime>
      <directLink>http://ckm.apperta.org/ckm/#showArchetype_1051.32.154_4</directLink>
   </ckmResource>
</templateFileSet>