<templateFileSet xmlns:xsi="http://www.w3.org/2001/XMLSchema-instance" xmlns:xsd="http://www.w3.org/2001/XMLSchema" xmlns="http://schemas.openehr.org/v1">
   <cid>1051.57.55</cid>
   <versionAsset>2</versionAsset>
   <templateName>IDCR - Transfer of Care Summary.v1</templateName>
   <templateId>c675bc8c-cff4-4f77-8984-8ed57d418b01</templateId>
   <rootArchetypeId>openEHR-EHR-COMPOSITION.transfer_summary.v1</rootArchetypeId>
   <creationTime>18-Feb-2016</creationTime>
   <modificationTime>23-Mar-2016</modificationTime>
   <directLink>http://ckm.apperta.org/ckm/#showTemplate_1051.57.55_2</directLink>
   <logMessage>Update Allergies archetype to current PRSB content.
      Added new PRSB content
   </logMessage>
   <ckmResource>
      <cid>1051.32.109</cid>
      <versionAsset>6</versionAsset>
      <resourceMainId>openEHR-EHR-EVALUATION.problem_diagnosis.v1</resourceMainId>
      <resourceMainDisplayName>Problem/Diagnosis</resourceMainDisplayName>
      <resourceType>ARCHETYPE</resourceType>
      <creationTime>2013-09-03T18:39:57+0200</creationTime>
      <modificationTime>2015-11-20T19:47:39+0100</modificationTime>
      <directLink>http://ckm.apperta.org/ckm/#showArchetype_1051.32.109_6</directLink>
   </ckmResource>
   <ckmResource>
      <cid>1051.32.258</cid>
      <versionAsset>1</versionAsset>
      <resourceMainId>openEHR-EHR-SECTION.problems_issues_rcp.v1</resourceMainId>
      <resourceMainDisplayName>Problems and issues</resourceMainDisplayName>
      <resourceType>ARCHETYPE</resourceType>
      <creationTime>2014-07-24T19:39:07+0200</creationTime>
      <modificationTime>2014-07-24T19:39:07+0200</modificationTime>
      <directLink>http://ckm.apperta.org/ckm/#showArchetype_1051.32.258_1</directLink>
   </ckmResource>
   <ckmResource>
      <cid>1051.32.126</cid>
      <versionAsset>4</versionAsset>
      <resourceMainId>openEHR-EHR-EVALUATION.exclusion-problem_diagnosis.v0</resourceMainId>
      <resourceMainDisplayName>Exclusion of a Problem/Diagnosis</resourceMainDisplayName>
      <resourceType>ARCHETYPE</resourceType>
      <creationTime>2013-09-03T18:40:22+0200</creationTime>
      <modificationTime>2016-02-08T09:02:28+0100</modificationTime>
      <directLink>http://ckm.apperta.org/ckm/#showArchetype_1051.32.126_4</directLink>
   </ckmResource>
   <ckmResource>
      <cid>1051.32.259</cid>
      <versionAsset>1</versionAsset>
      <resourceMainId>openEHR-EHR-SECTION.procedures_rcp.v1</resourceMainId>
      <resourceMainDisplayName>Procedures</resourceMainDisplayName>
      <resourceType>ARCHETYPE</resourceType>
      <creationTime>2014-07-24T19:39:08+0200</creationTime>
      <modificationTime>2014-07-24T19:39:08+0200</modificationTime>
      <directLink>http://ckm.apperta.org/ckm/#showArchetype_1051.32.259_1</directLink>
   </ckmResource>
   <ckmResource>
      <cid>1051.32.358</cid>
      <versionAsset>2</versionAsset>
      <resourceMainId>openEHR-EHR-INSTRUCTION.medication_order.v0</resourceMainId>
      <resourceMainDisplayName>Medication order</resourceMainDisplayName>
      <resourceType>ARCHETYPE</resourceType>
      <creationTime>2016-02-17T23:20:10+0100</creationTime>
      <modificationTime>2016-02-18T01:24:14+0100</modificationTime>
      <directLink>http://ckm.apperta.org/ckm/#showArchetype_1051.32.358_2</directLink>
   </ckmResource>
   <ckmResource>
      <cid>1051.32.105</cid>
      <versionAsset>2</versionAsset>
      <resourceMainId>openEHR-EHR-EVALUATION.exclusion-procedure.v1</resourceMainId>
      <resourceMainDisplayName>Exclusion of a Procedure</resourceMainDisplayName>
      <resourceType>ARCHETYPE</resourceType>
      <creationTime>2013-09-03T18:39:52+0200</creationTime>
      <modificationTime>2013-10-29T23:46:33+0100</modificationTime>
      <directLink>http://ckm.apperta.org/ckm/#showArchetype_1051.32.105_2</directLink>
   </ckmResource>
   <ckmResource>
      <cid>1051.32.238</cid>
      <versionAsset>1</versionAsset>
      <resourceMainId>openEHR-EHR-SECTION.allergies_adverse_reactions_rcp.v1</resourceMainId>
      <resourceMainDisplayName>Allergies and adverse reactions</resourceMainDisplayName>
      <resourceType>ARCHETYPE</resourceType>
      <creationTime>2014-07-24T19:38:45+0200</creationTime>
      <modificationTime>2014-07-24T19:38:45+0200</modificationTime>
      <directLink>http://ckm.apperta.org/ckm/#showArchetype_1051.32.238_1</directLink>
   </ckmResource>
   <ckmResource>
      <cid>1051.32.118</cid>
      <versionAsset>3</versionAsset>
      <resourceMainId>openEHR-EHR-EVALUATION.absence.v1</resourceMainId>
      <resourceMainDisplayName>Absence of Information</resourceMainDisplayName>
      <resourceType>ARCHETYPE</resourceType>
      <creationTime>2013-09-03T18:40:10+0200</creationTime>
      <modificationTime>2015-11-20T19:47:18+0100</modificationTime>
      <directLink>http://ckm.apperta.org/ckm/#showArchetype_1051.32.118_3</directLink>
   </ckmResource>
   <ckmResource>
      <cid>1051.32.287</cid>
      <versionAsset>1</versionAsset>
      <resourceMainId>openEHR-EHR-SECTION.admission_details_rcp.v1</resourceMainId>
      <resourceMainDisplayName>Admission details</resourceMainDisplayName>
      <resourceType>ARCHETYPE</resourceType>
      <creationTime>2015-02-21T19:55:39+0100</creationTime>
      <modificationTime>2015-02-21T19:55:39+0100</modificationTime>
      <directLink>http://ckm.apperta.org/ckm/#showArchetype_1051.32.287_1</directLink>
   </ckmResource>
   <ckmResource>
      <cid>1051.32.243</cid>
      <versionAsset>1</versionAsset>
      <resourceMainId>openEHR-EHR-SECTION.current_medication_rcp.v1</resourceMainId>
      <resourceMainDisplayName>Current medication</resourceMainDisplayName>
      <resourceType>ARCHETYPE</resourceType>
      <creationTime>2014-07-24T19:38:51+0200</creationTime>
      <modificationTime>2014-07-24T19:38:51+0200</modificationTime>
      <directLink>http://ckm.apperta.org/ckm/#showArchetype_1051.32.243_1</directLink>
   </ckmResource>
   <ckmResource>
      <cid>1051.32.133</cid>
      <versionAsset>7</versionAsset>
      <resourceMainId>openEHR-EHR-ACTION.procedure.v1</resourceMainId>
      <resourceMainDisplayName>Procedure</resourceMainDisplayName>
      <resourceType>ARCHETYPE</resourceType>
      <creationTime>2013-09-03T18:40:31+0200</creationTime>
      <modificationTime>2015-07-21T15:08:16+0200</modificationTime>
      <directLink>http://ckm.apperta.org/ckm/#showArchetype_1051.32.133_7</directLink>
   </ckmResource>
   <ckmResource>
      <cid>1051.32.134</cid>
      <versionAsset>3</versionAsset>
      <resourceMainId>openEHR-EHR-EVALUATION.reason_for_encounter.v1</resourceMainId>
      <resourceMainDisplayName>Reason for encounter</resourceMainDisplayName>
      <resourceType>ARCHETYPE</resourceType>
      <creationTime>2013-09-03T18:40:33+0200</creationTime>
      <modificationTime>2015-05-26T13:16:19+0200</modificationTime>
      <directLink>http://ckm.apperta.org/ckm/#showArchetype_1051.32.134_3</directLink>
   </ckmResource>
   <ckmResource>
      <cid>1051.32.245</cid>
      <versionAsset>1</versionAsset>
      <resourceMainId>openEHR-EHR-SECTION.diagnoses_rcp.v1</resourceMainId>
      <resourceMainDisplayName>Diagnoses</resourceMainDisplayName>
      <resourceType>ARCHETYPE</resourceType>
      <creationTime>2014-07-24T19:38:53+0200</creationTime>
      <modificationTime>2014-07-24T19:38:53+0200</modificationTime>
      <directLink>http://ckm.apperta.org/ckm/#showArchetype_1051.32.245_1</directLink>
   </ckmResource>
   <ckmResource>
      <cid>1051.32.136</cid>
      <versionAsset>8</versionAsset>
      <resourceMainId>openEHR-EHR-CLUSTER.anatomical_location.v1</resourceMainId>
      <resourceMainDisplayName>Anatomical location</resourceMainDisplayName>
      <resourceType>ARCHETYPE</resourceType>
      <creationTime>2013-09-03T18:40:36+0200</creationTime>
      <modificationTime>2015-05-26T13:16:20+0200</modificationTime>
      <directLink>http://ckm.apperta.org/ckm/#showArchetype_1051.32.136_8</directLink>
   </ckmResource>
   <ckmResource>
      <cid>1051.32.241</cid>
      <versionAsset>1</versionAsset>
      <resourceMainId>openEHR-EHR-SECTION.clinical_summary_rcp.v1</resourceMainId>
      <resourceMainDisplayName>Clinical Summary</resourceMainDisplayName>
      <resourceType>ARCHETYPE</resourceType>
      <creationTime>2014-07-24T19:38:48+0200</creationTime>
      <modificationTime>2014-07-24T19:38:48+0200</modificationTime>
      <directLink>http://ckm.apperta.org/ckm/#showArchetype_1051.32.241_1</directLink>
   </ckmResource>
   <ckmResource>
      <cid>1051.32.285</cid>
      <versionAsset>4</versionAsset>
      <resourceMainId>openEHR-EHR-EVALUATION.adverse_reaction_risk.v1</resourceMainId>
      <resourceMainDisplayName>Adverse reaction risk</resourceMainDisplayName>
      <resourceType>ARCHETYPE</resourceType>
      <creationTime>2015-02-16T11:38:04+0100</creationTime>
      <modificationTime>2016-03-23T13:52:28+0100</modificationTime>
      <directLink>http://ckm.apperta.org/ckm/#showArchetype_1051.32.285_4</directLink>
   </ckmResource>
   <ckmResource>
      <cid>1051.32.252</cid>
      <versionAsset>1</versionAsset>
      <resourceMainId>openEHR-EHR-SECTION.medication_medical_devices_rcp.v1</resourceMainId>
      <resourceMainDisplayName>Medication and medical devices</resourceMainDisplayName>
      <resourceType>ARCHETYPE</resourceType>
      <creationTime>2014-07-24T19:39:00+0200</creationTime>
      <modificationTime>2014-07-24T19:39:00+0200</modificationTime>
      <directLink>http://ckm.apperta.org/ckm/#showArchetype_1051.32.252_1</directLink>
   </ckmResource>
   <ckmResource>
      <cid>1051.32.362</cid>
      <versionAsset>1</versionAsset>
      <resourceMainId>openEHR-EHR-CLUSTER.medication_change_summary.v0</resourceMainId>
      <resourceMainDisplayName>Medication change summary</resourceMainDisplayName>
      <resourceType>ARCHETYPE</resourceType>
      <creationTime>2016-02-18T01:14:40+0100</creationTime>
      <modificationTime>2016-02-18T01:14:40+0100</modificationTime>
      <directLink>http://ckm.apperta.org/ckm/#showArchetype_1051.32.362_1</directLink>
   </ckmResource>
   <ckmResource>
      <cid>1051.32.341</cid>
      <versionAsset>1</versionAsset>
      <resourceMainId>openEHR-EHR-COMPOSITION.transfer_summary.v1</resourceMainId>
      <resourceMainDisplayName>Transfer of care summary</resourceMainDisplayName>
      <resourceType>ARCHETYPE</resourceType>
      <creationTime>2015-11-20T19:47:24+0100</creationTime>
      <modificationTime>2015-11-20T19:47:24+0100</modificationTime>
      <directLink>http://ckm.apperta.org/ckm/#showArchetype_1051.32.341_1</directLink>
   </ckmResource>
   <ckmResource>
      <cid>1051.32.242</cid>
      <versionAsset>1</versionAsset>
      <resourceMainId>openEHR-EHR-SECTION.current_medical_devices_rcp.v1</resourceMainId>
      <resourceMainDisplayName>Current medical devices</resourceMainDisplayName>
      <resourceType>ARCHETYPE</resourceType>
      <creationTime>2014-07-24T19:38:50+0200</creationTime>
      <modificationTime>2014-07-24T19:38:50+0200</modificationTime>
      <directLink>http://ckm.apperta.org/ckm/#showArchetype_1051.32.242_1</directLink>
   </ckmResource>
   <ckmResource>
      <cid>1051.32.352</cid>
      <versionAsset>1</versionAsset>
      <resourceMainId>openEHR-EHR-CLUSTER.medication_substance.v0</resourceMainId>
      <resourceMainDisplayName>Medication</resourceMainDisplayName>
      <resourceType>ARCHETYPE</resourceType>
      <creationTime>2016-02-17T23:20:04+0100</creationTime>
      <modificationTime>2016-02-17T23:20:04+0100</modificationTime>
      <directLink>http://ckm.apperta.org/ckm/#showArchetype_1051.32.352_1</directLink>
   </ckmResource>
   <ckmResource>
      <cid>1051.32.121</cid>
      <versionAsset>2</versionAsset>
      <resourceMainId>openEHR-EHR-EVALUATION.exclusion-medication.v1</resourceMainId>
      <resourceMainDisplayName>Exclusion of a Medication</resourceMainDisplayName>
      <resourceType>ARCHETYPE</resourceType>
      <creationTime>2013-09-03T18:40:13+0200</creationTime>
      <modificationTime>2013-10-29T21:03:11+0100</modificationTime>
      <directLink>http://ckm.apperta.org/ckm/#showArchetype_1051.32.121_2</directLink>
   </ckmResource>
   <ckmResource>
      <cid>1051.32.170</cid>
      <versionAsset>3</versionAsset>
      <resourceMainId>openEHR-EHR-EVALUATION.clinical_synopsis.v1</resourceMainId>
      <resourceMainDisplayName>Clinical Synopsis</resourceMainDisplayName>
      <resourceType>ARCHETYPE</resourceType>
      <creationTime>2013-09-05T17:51:06+0200</creationTime>
      <modificationTime>2014-02-03T15:48:40+0100</modificationTime>
      <directLink>http://ckm.apperta.org/ckm/#showArchetype_1051.32.170_3</directLink>
   </ckmResource>
   <ckmResource>
      <cid>1051.32.92</cid>
      <versionAsset>2</versionAsset>
      <resourceMainId>openEHR-EHR-EVALUATION.exclusion-adverse_reaction.v1</resourceMainId>
      <resourceMainDisplayName>Exclusion of an Adverse Reaction</resourceMainDisplayName>
      <resourceType>ARCHETYPE</resourceType>
      <creationTime>2013-09-03T18:39:31+0200</creationTime>
      <modificationTime>2013-10-29T21:03:07+0100</modificationTime>
      <directLink>http://ckm.apperta.org/ckm/#showArchetype_1051.32.92_2</directLink>
   </ckmResource>
</templateFileSet>