<templateFileSet xmlns:xsi="http://www.w3.org/2001/XMLSchema-instance" xmlns:xsd="http://www.w3.org/2001/XMLSchema" xmlns="http://schemas.openehr.org/v1">
   <cid>1051.57.44</cid>
   <versionAsset>5</versionAsset>
   <templateName>IDCR Transfer of Care summary (minimal).v0</templateName>
   <templateId>61948a1d-5a16-4781-a140-e92107f0306a</templateId>
   <rootArchetypeId>openEHR-EHR-COMPOSITION.report.v1</rootArchetypeId>
   <creationTime>17-Mar-2015</creationTime>
   <modificationTime>17-Mar-2015</modificationTime>
   <directLink>http://ckm.apperta.org/ckm/#showTemplate_1051.57.44_5</directLink>
   <logMessage>Further tweaks.
      Tweaks
      Adjusted handling of additional instruction
   </logMessage>
   <ckmResource>
      <cid>1051.32.109</cid>
      <versionAsset>3</versionAsset>
      <resourceMainId>openEHR-EHR-EVALUATION.problem_diagnosis.v1</resourceMainId>
      <resourceMainDisplayName>Problem/Diagnosis</resourceMainDisplayName>
      <resourceType>ARCHETYPE</resourceType>
      <creationTime>2013-09-03T18:39:57+0200</creationTime>
      <modificationTime>2015-03-17T12:57:49+0100</modificationTime>
      <directLink>http://ckm.apperta.org/ckm/#showArchetype_1051.32.109_3</directLink>
   </ckmResource>
   <ckmResource>
      <cid>1051.32.243</cid>
      <versionAsset>1</versionAsset>
      <resourceMainId>openEHR-EHR-SECTION.current_medication_rcp.v1</resourceMainId>
      <resourceMainDisplayName>Current medication</resourceMainDisplayName>
      <resourceType>ARCHETYPE</resourceType>
      <creationTime>2014-07-24T19:38:51+0200</creationTime>
      <modificationTime>2014-07-24T19:38:51+0200</modificationTime>
      <directLink>http://ckm.apperta.org/ckm/#showArchetype_1051.32.243_1</directLink>
   </ckmResource>
   <ckmResource>
      <cid>1051.32.166</cid>
      <versionAsset>2</versionAsset>
      <resourceMainId>openEHR-EHR-COMPOSITION.report.v1</resourceMainId>
      <resourceMainDisplayName>Report</resourceMainDisplayName>
      <resourceType>ARCHETYPE</resourceType>
      <creationTime>2013-09-05T17:51:00+0200</creationTime>
      <modificationTime>2015-02-21T19:34:45+0100</modificationTime>
      <directLink>http://ckm.apperta.org/ckm/#showArchetype_1051.32.166_2</directLink>
   </ckmResource>
   <ckmResource>
      <cid>1051.32.287</cid>
      <versionAsset>1</versionAsset>
      <resourceMainId>openEHR-EHR-SECTION.admission_details_rcp.v1</resourceMainId>
      <resourceMainDisplayName>Admission details</resourceMainDisplayName>
      <resourceType>ARCHETYPE</resourceType>
      <creationTime>2015-02-21T19:55:39+0100</creationTime>
      <modificationTime>2015-02-21T19:55:39+0100</modificationTime>
      <directLink>http://ckm.apperta.org/ckm/#showArchetype_1051.32.287_1</directLink>
   </ckmResource>
   <ckmResource>
      <cid>1051.32.245</cid>
      <versionAsset>1</versionAsset>
      <resourceMainId>openEHR-EHR-SECTION.diagnoses_rcp.v1</resourceMainId>
      <resourceMainDisplayName>Diagnoses</resourceMainDisplayName>
      <resourceType>ARCHETYPE</resourceType>
      <creationTime>2014-07-24T19:38:53+0200</creationTime>
      <modificationTime>2014-07-24T19:38:53+0200</modificationTime>
      <directLink>http://ckm.apperta.org/ckm/#showArchetype_1051.32.245_1</directLink>
   </ckmResource>
   <ckmResource>
      <cid>1051.32.103</cid>
      <versionAsset>2</versionAsset>
      <resourceMainId>openEHR-EHR-EVALUATION.contraindication.v1</resourceMainId>
      <resourceMainDisplayName>Contraindication</resourceMainDisplayName>
      <resourceType>ARCHETYPE</resourceType>
      <creationTime>2013-09-03T18:39:50+0200</creationTime>
      <modificationTime>2014-01-06T19:06:31+0100</modificationTime>
      <directLink>http://ckm.apperta.org/ckm/#showArchetype_1051.32.103_2</directLink>
   </ckmResource>
   <ckmResource>
      <cid>1051.32.261</cid>
      <versionAsset>1</versionAsset>
      <resourceMainId>openEHR-EHR-SECTION.relevant_contacts_rcp.v1</resourceMainId>
      <resourceMainDisplayName>Relevant contacts</resourceMainDisplayName>
      <resourceType>ARCHETYPE</resourceType>
      <creationTime>2014-07-24T19:39:10+0200</creationTime>
      <modificationTime>2014-07-24T19:39:10+0200</modificationTime>
      <directLink>http://ckm.apperta.org/ckm/#showArchetype_1051.32.261_1</directLink>
   </ckmResource>
   <ckmResource>
      <cid>1051.32.140</cid>
      <versionAsset>4</versionAsset>
      <resourceMainId>openEHR-EHR-CLUSTER.medication_event_summary.v1</resourceMainId>
      <resourceMainDisplayName>Medication event summary</resourceMainDisplayName>
      <resourceType>ARCHETYPE</resourceType>
      <creationTime>2013-09-03T19:21:47+0200</creationTime>
      <modificationTime>2015-03-05T15:45:46+0100</modificationTime>
      <directLink>http://ckm.apperta.org/ckm/#showArchetype_1051.32.140_4</directLink>
   </ckmResource>
   <ckmResource>
      <cid>1051.32.241</cid>
      <versionAsset>1</versionAsset>
      <resourceMainId>openEHR-EHR-SECTION.clinical_summary_rcp.v1</resourceMainId>
      <resourceMainDisplayName>Clinical Summary</resourceMainDisplayName>
      <resourceType>ARCHETYPE</resourceType>
      <creationTime>2014-07-24T19:38:48+0200</creationTime>
      <modificationTime>2014-07-24T19:38:48+0200</modificationTime>
      <directLink>http://ckm.apperta.org/ckm/#showArchetype_1051.32.241_1</directLink>
   </ckmResource>
   <ckmResource>
      <cid>1051.32.291</cid>
      <versionAsset>1</versionAsset>
      <resourceMainId>openEHR-EHR-ADMIN_ENTRY.inpatient_admission_uk.v1</resourceMainId>
      <resourceMainDisplayName>Inpatient admission</resourceMainDisplayName>
      <resourceType>ARCHETYPE</resourceType>
      <creationTime>2015-03-17T13:29:21+0100</creationTime>
      <modificationTime>2015-03-17T13:29:21+0100</modificationTime>
      <directLink>http://ckm.apperta.org/ckm/#showArchetype_1051.32.291_1</directLink>
   </ckmResource>
   <ckmResource>
      <cid>1051.32.170</cid>
      <versionAsset>3</versionAsset>
      <resourceMainId>openEHR-EHR-EVALUATION.clinical_synopsis.v1</resourceMainId>
      <resourceMainDisplayName>Clinical Synopsis</resourceMainDisplayName>
      <resourceType>ARCHETYPE</resourceType>
      <creationTime>2013-09-05T17:51:06+0200</creationTime>
      <modificationTime>2014-02-03T15:48:40+0100</modificationTime>
      <directLink>http://ckm.apperta.org/ckm/#showArchetype_1051.32.170_3</directLink>
   </ckmResource>
   <ckmResource>
      <cid>1051.32.293</cid>
      <versionAsset>1</versionAsset>
      <resourceMainId>openEHR-EHR-ADMIN_ENTRY.relevant_contact_rcp.v1</resourceMainId>
      <resourceMainDisplayName>Relevant contact</resourceMainDisplayName>
      <resourceType>ARCHETYPE</resourceType>
      <creationTime>2015-03-17T14:54:30+0100</creationTime>
      <modificationTime>2015-03-17T14:54:30+0100</modificationTime>
      <directLink>http://ckm.apperta.org/ckm/#showArchetype_1051.32.293_1</directLink>
   </ckmResource>
   <ckmResource>
      <cid>1051.32.190</cid>
      <versionAsset>1</versionAsset>
      <resourceMainId>openEHR-EHR-CLUSTER.individual_professional_uk.v1</resourceMainId>
      <resourceMainDisplayName>Individual professional demographics (UK)</resourceMainDisplayName>
      <resourceType>ARCHETYPE</resourceType>
      <creationTime>2013-10-31T20:00:00+0100</creationTime>
      <modificationTime>2013-10-31T20:00:00+0100</modificationTime>
      <directLink>http://ckm.apperta.org/ckm/#showArchetype_1051.32.190_1</directLink>
   </ckmResource>
   <ckmResource>
      <cid>1051.32.92</cid>
      <versionAsset>2</versionAsset>
      <resourceMainId>openEHR-EHR-EVALUATION.exclusion-adverse_reaction.v1</resourceMainId>
      <resourceMainDisplayName>Exclusion of an Adverse Reaction</resourceMainDisplayName>
      <resourceType>ARCHETYPE</resourceType>
      <creationTime>2013-09-03T18:39:31+0200</creationTime>
      <modificationTime>2013-10-29T21:03:07+0100</modificationTime>
      <directLink>http://ckm.apperta.org/ckm/#showArchetype_1051.32.92_2</directLink>
   </ckmResource>
   <ckmResource>
      <cid>1051.32.258</cid>
      <versionAsset>1</versionAsset>
      <resourceMainId>openEHR-EHR-SECTION.problems_issues_rcp.v1</resourceMainId>
      <resourceMainDisplayName>Problems and issues</resourceMainDisplayName>
      <resourceType>ARCHETYPE</resourceType>
      <creationTime>2014-07-24T19:39:07+0200</creationTime>
      <modificationTime>2014-07-24T19:39:07+0200</modificationTime>
      <directLink>http://ckm.apperta.org/ckm/#showArchetype_1051.32.258_1</directLink>
   </ckmResource>
   <ckmResource>
      <cid>1051.32.238</cid>
      <versionAsset>1</versionAsset>
      <resourceMainId>openEHR-EHR-SECTION.allergies_adverse_reactions_rcp.v1</resourceMainId>
      <resourceMainDisplayName>Allergies and adverse reactions</resourceMainDisplayName>
      <resourceType>ARCHETYPE</resourceType>
      <creationTime>2014-07-24T19:38:45+0200</creationTime>
      <modificationTime>2014-07-24T19:38:45+0200</modificationTime>
      <directLink>http://ckm.apperta.org/ckm/#showArchetype_1051.32.238_1</directLink>
   </ckmResource>
   <ckmResource>
      <cid>1051.32.118</cid>
      <versionAsset>1</versionAsset>
      <resourceMainId>openEHR-EHR-EVALUATION.absence.v1</resourceMainId>
      <resourceMainDisplayName>Absence of Information</resourceMainDisplayName>
      <resourceType>ARCHETYPE</resourceType>
      <creationTime>2013-09-03T18:40:10+0200</creationTime>
      <modificationTime>2013-09-03T18:40:10+0200</modificationTime>
      <directLink>http://ckm.apperta.org/ckm/#showArchetype_1051.32.118_1</directLink>
   </ckmResource>
   <ckmResource>
      <cid>1051.32.134</cid>
      <versionAsset>2</versionAsset>
      <resourceMainId>openEHR-EHR-EVALUATION.reason_for_encounter.v1</resourceMainId>
      <resourceMainDisplayName>Reason for encounter</resourceMainDisplayName>
      <resourceType>ARCHETYPE</resourceType>
      <creationTime>2013-09-03T18:40:33+0200</creationTime>
      <modificationTime>2013-09-24T14:57:16+0200</modificationTime>
      <directLink>http://ckm.apperta.org/ckm/#showArchetype_1051.32.134_2</directLink>
   </ckmResource>
   <ckmResource>
      <cid>1051.32.179</cid>
      <versionAsset>3</versionAsset>
      <resourceMainId>openEHR-EHR-CLUSTER.person_name.v1</resourceMainId>
      <resourceMainDisplayName>Person name</resourceMainDisplayName>
      <resourceType>ARCHETYPE</resourceType>
      <creationTime>2013-10-14T15:31:55+0200</creationTime>
      <modificationTime>2013-10-14T16:17:33+0200</modificationTime>
      <directLink>http://ckm.apperta.org/ckm/#showArchetype_1051.32.179_3</directLink>
   </ckmResource>
   <ckmResource>
      <cid>1051.32.273</cid>
      <versionAsset>2</versionAsset>
      <resourceMainId>openEHR-EHR-EVALUATION.medication_statement_uk.v1</resourceMainId>
      <resourceMainDisplayName>Medication statement</resourceMainDisplayName>
      <resourceType>ARCHETYPE</resourceType>
      <creationTime>2014-10-14T22:30:39+0200</creationTime>
      <modificationTime>2014-10-14T23:41:50+0200</modificationTime>
      <directLink>http://ckm.apperta.org/ckm/#showArchetype_1051.32.273_2</directLink>
   </ckmResource>
   <ckmResource>
      <cid>1051.32.252</cid>
      <versionAsset>1</versionAsset>
      <resourceMainId>openEHR-EHR-SECTION.medication_medical_devices_rcp.v1</resourceMainId>
      <resourceMainDisplayName>Medication and medical devices</resourceMainDisplayName>
      <resourceType>ARCHETYPE</resourceType>
      <creationTime>2014-07-24T19:39:00+0200</creationTime>
      <modificationTime>2014-07-24T19:39:00+0200</modificationTime>
      <directLink>http://ckm.apperta.org/ckm/#showArchetype_1051.32.252_1</directLink>
   </ckmResource>
   <ckmResource>
      <cid>1051.32.183</cid>
      <versionAsset>1</versionAsset>
      <resourceMainId>openEHR-EHR-CLUSTER.telecom_uk.v1</resourceMainId>
      <resourceMainDisplayName>Telecom details (UK)</resourceMainDisplayName>
      <resourceType>ARCHETYPE</resourceType>
      <creationTime>2013-10-14T15:33:46+0200</creationTime>
      <modificationTime>2013-10-14T15:33:46+0200</modificationTime>
      <directLink>http://ckm.apperta.org/ckm/#showArchetype_1051.32.183_1</directLink>
   </ckmResource>
   <ckmResource>
      <cid>1051.32.25</cid>
      <versionAsset>3</versionAsset>
      <resourceMainId>openEHR-EHR-CLUSTER.medication_quantity_sct.v1</resourceMainId>
      <resourceMainDisplayName>Medication quantity</resourceMainDisplayName>
      <resourceType>ARCHETYPE</resourceType>
      <creationTime>2013-01-30T20:47:44+0100</creationTime>
      <modificationTime>2013-09-04T13:53:43+0200</modificationTime>
      <directLink>http://ckm.apperta.org/ckm/#showArchetype_1051.32.25_3</directLink>
   </ckmResource>
   <ckmResource>
      <cid>1051.32.26</cid>
      <versionAsset>6</versionAsset>
      <resourceMainId>openEHR-EHR-CLUSTER.medication_event.v1</resourceMainId>
      <resourceMainDisplayName>Medication event</resourceMainDisplayName>
      <resourceType>ARCHETYPE</resourceType>
      <creationTime>2013-01-30T21:06:47+0100</creationTime>
      <modificationTime>2015-03-05T15:42:11+0100</modificationTime>
      <directLink>http://ckm.apperta.org/ckm/#showArchetype_1051.32.26_6</directLink>
   </ckmResource>
   <ckmResource>
      <cid>1051.32.4</cid>
      <versionAsset>9</versionAsset>
      <resourceMainId>openEHR-EHR-EVALUATION.adverse_reaction_uk.v1</resourceMainId>
      <resourceMainDisplayName>Adverse reaction</resourceMainDisplayName>
      <resourceType>ARCHETYPE</resourceType>
      <creationTime>2012-11-05T20:32:43+0100</creationTime>
      <modificationTime>2013-09-03T13:06:08+0200</modificationTime>
      <directLink>http://ckm.apperta.org/ckm/#showArchetype_1051.32.4_9</directLink>
   </ckmResource>
   <ckmResource>
      <cid>1051.32.3</cid>
      <versionAsset>12</versionAsset>
      <resourceMainId>openEHR-EHR-CLUSTER.medication_item.v1</resourceMainId>
      <resourceMainDisplayName>Medication item</resourceMainDisplayName>
      <resourceType>ARCHETYPE</resourceType>
      <creationTime>2012-11-05T00:19:35+0100</creationTime>
      <modificationTime>2015-03-05T15:26:10+0100</modificationTime>
      <directLink>http://ckm.apperta.org/ckm/#showArchetype_1051.32.3_12</directLink>
   </ckmResource>
</templateFileSet>